Block ID,Code Range(Jimple),Type,Method(IF),Class,Parent BlockID,Original(Y/N),Feature ID
"0","-","Class","-","org.hipi.image.ByteImage","-","Y",""
"1","[0:4]","Method","<init>","org.hipi.image.ByteImage","0","Y",""
"2","[0:2]","Method","getType","org.hipi.image.ByteImage","0","Y",""
"3","[0:4]","Method","getData","org.hipi.image.ByteImage","0","Y",""
"4","[0:34]","Method","equalsWithTolerance","org.hipi.image.ByteImage","0","Y",""
"5","[0:3]","Stmt_Block","equalsWithTolerance","org.hipi.image.ByteImage","4","Y",""
"6","[5:10]","Stmt_Block","equalsWithTolerance","org.hipi.image.ByteImage","4","Y",""
"7","[11,12,17]","Stmt_Block","equalsWithTolerance","org.hipi.image.ByteImage","4","Y",""
"8","[13,14]","Stmt_Block","equalsWithTolerance","org.hipi.image.ByteImage","4","Y",""
"9","[15,16]","Stmt_Block","equalsWithTolerance","org.hipi.image.ByteImage","4","Y",""
"10","[18:23]","Stmt_Block","equalsWithTolerance","org.hipi.image.ByteImage","4","Y",""
"11","[34]","Stmt_Block","equalsWithTolerance","org.hipi.image.ByteImage","4","Y",""
"12","[24:30]","Stmt_Block","equalsWithTolerance","org.hipi.image.ByteImage","4","Y",""
"13","[32,33]","Stmt_Block","equalsWithTolerance","org.hipi.image.ByteImage","4","Y",""
"14","[31]","Stmt_Block","equalsWithTolerance","org.hipi.image.ByteImage","4","Y",""
"15","[4]","Stmt_Block","equalsWithTolerance","org.hipi.image.ByteImage","4","Y",""
"16","[0:9]","Method","equals","org.hipi.image.ByteImage","0","Y",""
"17","[0:2]","Stmt_Block","equals","org.hipi.image.ByteImage","16","Y",""
"18","[4,5]","Stmt_Block","equals","org.hipi.image.ByteImage","16","Y",""
"19","[6:9]","Stmt_Block","equals","org.hipi.image.ByteImage","16","Y",""
"20","[3]","Stmt_Block","equals","org.hipi.image.ByteImage","16","Y",""
"21","[0:3]","Method","hex","org.hipi.image.ByteImage","0","Y",""
"22","-","Class","-","org.hipi.image.FloatImage","-","Y",""
"23","[0:4]","Method","<init>","org.hipi.image.FloatImage","22","Y",""
"24","[0:13]","Method","<init>","org.hipi.image.FloatImage","22","Y",""
"25","[0:13]","Method","<init>","org.hipi.image.FloatImage","22","Y",""
"26","[0:31]","Method","<init>","org.hipi.image.FloatImage","22","Y",""
"27","[0:14]","Stmt_Block","<init>","org.hipi.image.FloatImage","26","Y",""
"28","[15:21]","Stmt_Block","<init>","org.hipi.image.FloatImage","26","Y",""
"29","[22:25]","Stmt_Block","<init>","org.hipi.image.FloatImage","26","Y",""
"30","[26:31]","Stmt_Block","<init>","org.hipi.image.FloatImage","26","Y",""
"31","[0:2]","Method","getType","org.hipi.image.FloatImage","22","Y",""
"32","[0:4]","Method","getData","org.hipi.image.FloatImage","22","Y",""
"33","[0:35]","Method","equalsWithTolerance","org.hipi.image.FloatImage","22","Y",""
"34","[0:3]","Stmt_Block","equalsWithTolerance","org.hipi.image.FloatImage","33","Y",""
"35","[5:10]","Stmt_Block","equalsWithTolerance","org.hipi.image.FloatImage","33","Y",""
"36","[11,12,17]","Stmt_Block","equalsWithTolerance","org.hipi.image.FloatImage","33","Y",""
"37","[13,14]","Stmt_Block","equalsWithTolerance","org.hipi.image.FloatImage","33","Y",""
"38","[15,16]","Stmt_Block","equalsWithTolerance","org.hipi.image.FloatImage","33","Y",""
"39","[18:23]","Stmt_Block","equalsWithTolerance","org.hipi.image.FloatImage","33","Y",""
"40","[35]","Stmt_Block","equalsWithTolerance","org.hipi.image.FloatImage","33","Y",""
"41","[24:31]","Stmt_Block","equalsWithTolerance","org.hipi.image.FloatImage","33","Y",""
"42","[33,34]","Stmt_Block","equalsWithTolerance","org.hipi.image.FloatImage","33","Y",""
"43","[32]","Stmt_Block","equalsWithTolerance","org.hipi.image.FloatImage","33","Y",""
"44","[4]","Stmt_Block","equalsWithTolerance","org.hipi.image.FloatImage","33","Y",""
"45","[0:9]","Method","equals","org.hipi.image.FloatImage","22","Y",""
"46","[0:2]","Stmt_Block","equals","org.hipi.image.FloatImage","45","Y",""
"47","[4,5]","Stmt_Block","equals","org.hipi.image.FloatImage","45","Y",""
"48","[6:9]","Stmt_Block","equals","org.hipi.image.FloatImage","45","Y",""
"49","[3]","Stmt_Block","equals","org.hipi.image.FloatImage","45","Y",""
"50","[0:18]","Method","add","org.hipi.image.FloatImage","22","Y",""
"51","[0:11]","Stmt_Block","add","org.hipi.image.FloatImage","50","Y",""
"52","[12:18]","Stmt_Block","add","org.hipi.image.FloatImage","50","Y",""
"53","[0:15]","Method","add","org.hipi.image.FloatImage","22","Y",""
"54","[0:9]","Stmt_Block","add","org.hipi.image.FloatImage","53","Y",""
"55","[10:15]","Stmt_Block","add","org.hipi.image.FloatImage","53","Y",""
"56","[0:18]","Method","multiply","org.hipi.image.FloatImage","22","Y",""
"57","[0:11]","Stmt_Block","multiply","org.hipi.image.FloatImage","56","Y",""
"58","[12:18]","Stmt_Block","multiply","org.hipi.image.FloatImage","56","Y",""
"59","[0:15]","Method","scale","org.hipi.image.FloatImage","22","Y",""
"60","[0:9]","Stmt_Block","scale","org.hipi.image.FloatImage","59","Y",""
"61","[10:15]","Stmt_Block","scale","org.hipi.image.FloatImage","59","Y",""
"62","[0:4]","Method","hex","org.hipi.image.FloatImage","22","Y",""
"63","[0:17]","Method","checkCompatibleInputImage","org.hipi.image.FloatImage","22","Y",""
"64","[0:4]","Stmt_Block","checkCompatibleInputImage","org.hipi.image.FloatImage","63","Y",""
"65","[5:7,14:16]","Stmt_Block","checkCompatibleInputImage","org.hipi.image.FloatImage","63","Y",""
"66","[8:10]","Stmt_Block","checkCompatibleInputImage","org.hipi.image.FloatImage","63","Y",""
"67","[11:13]","Stmt_Block","checkCompatibleInputImage","org.hipi.image.FloatImage","63","Y",""
"68","[17]","Stmt_Block","checkCompatibleInputImage","org.hipi.image.FloatImage","63","Y",""
"69","-","Class","-","org.hipi.image.HipiImage$HipiImageType","-","Y",""
"70","[0:3]","Method","values","org.hipi.image.HipiImage$HipiImageType","69","Y",""
"71","[0:3]","Method","valueOf","org.hipi.image.HipiImage$HipiImageType","69","Y",""
"72","[0:6]","Method","<init>","org.hipi.image.HipiImage$HipiImageType","69","Y",""
"73","[0:17]","Method","fromInteger","org.hipi.image.HipiImage$HipiImageType","69","Y",""
"74","[0:4]","Stmt_Block","fromInteger","org.hipi.image.HipiImage$HipiImageType","73","Y",""
"75","[5:7,11:17]","Stmt_Block","fromInteger","org.hipi.image.HipiImage$HipiImageType","73","Y",""
"76","[9,10]","Stmt_Block","fromInteger","org.hipi.image.HipiImage$HipiImageType","73","Y",""
"77","[8]","Stmt_Block","fromInteger","org.hipi.image.HipiImage$HipiImageType","73","Y",""
"78","[0:2]","Method","toInteger","org.hipi.image.HipiImage$HipiImageType","69","Y",""
"79","[0,1]","Method","getDefault","org.hipi.image.HipiImage$HipiImageType","69","Y",""
"80","[0:22]","Method","<clinit>","org.hipi.image.HipiImage$HipiImageType","69","Y",""
"81","-","Class","-","org.hipi.image.HipiImage","-","Y",""
"82","[0:3]","Method","<init>","org.hipi.image.HipiImage","81","Y",""
"83","[0:27]","Method","setHeader","org.hipi.image.HipiImage","81","Y",""
"84","[0:2]","Stmt_Block","setHeader","org.hipi.image.HipiImage","83","Y",""
"85","[6,7]","Stmt_Block","setHeader","org.hipi.image.HipiImage","83","Y",""
"86","[8,9,12:25]","Stmt_Block","setHeader","org.hipi.image.HipiImage","83","Y",""
"87","[10,11]","Stmt_Block","setHeader","org.hipi.image.HipiImage","83","Y",""
"88","[26,27]","Stmt_Block","setHeader","org.hipi.image.HipiImage","83","Y",""
"89","[3:5]","Stmt_Block","setHeader","org.hipi.image.HipiImage","83","Y",""
"90","[0:2]","Method","getType","org.hipi.image.HipiImage","81","Y",""
"91","[0:3]","Method","getStorageFormat","org.hipi.image.HipiImage","81","Y",""
"92","[0:3]","Method","getColorSpace","org.hipi.image.HipiImage","81","Y",""
"93","[0:3]","Method","getWidth","org.hipi.image.HipiImage","81","Y",""
"94","[0:3]","Method","getHeight","org.hipi.image.HipiImage","81","Y",""
"95","[0:3]","Method","getNumBands","org.hipi.image.HipiImage","81","Y",""
"96","[0:4]","Method","getMetaData","org.hipi.image.HipiImage","81","Y",""
"97","[0:3]","Method","getAllMetaData","org.hipi.image.HipiImage","81","Y",""
"98","[0:4]","Method","getExifData","org.hipi.image.HipiImage","81","Y",""
"99","[0:3]","Method","getAllExifData","org.hipi.image.HipiImage","81","Y",""
"100","-","Class","-","org.hipi.image.HipiImageFactory$1","-","Y",""
"101","[0:32]","Method","<clinit>","org.hipi.image.HipiImageFactory$1","100","Y",""
"102","-","Class","-","org.hipi.image.HipiImageFactory","-","Y",""
"103","[0,1]","Method","getFloatImageFactory","org.hipi.image.HipiImageFactory","102","Y",""
"104","[0,1]","Method","getByteImageFactory","org.hipi.image.HipiImageFactory","102","Y",""
"105","[0:12]","Method","<init>","org.hipi.image.HipiImageFactory","102","Y",""
"106","[0:19]","Method","<init>","org.hipi.image.HipiImageFactory","102","Y",""
"107","[0:9]","Stmt_Block","<init>","org.hipi.image.HipiImageFactory","106","Y",""
"108","[14:17]","Stmt_Block","<init>","org.hipi.image.HipiImageFactory","106","Y",""
"109","[10:13,18,19]","Stmt_Block","<init>","org.hipi.image.HipiImageFactory","106","Y",""
"110","[0:42]","Method","findImageClass","org.hipi.image.HipiImageFactory","102","Y",""
"111","[0:5]","Stmt_Block","findImageClass","org.hipi.image.HipiImageFactory","110","Y",""
"112","[22,23]","Stmt_Block","findImageClass","org.hipi.image.HipiImageFactory","110","Y",""
"113","[27:30]","Stmt_Block","findImageClass","org.hipi.image.HipiImageFactory","110","Y",""
"114","[6:9,24:26,31:42]","Stmt_Block","findImageClass","org.hipi.image.HipiImageFactory","110","Y",""
"115","[11:13]","Stmt_Block","findImageClass","org.hipi.image.HipiImageFactory","110","Y",""
"116","[15,16]","Stmt_Block","findImageClass","org.hipi.image.HipiImageFactory","110","Y",""
"117","[18:21]","Stmt_Block","findImageClass","org.hipi.image.HipiImageFactory","110","Y",""
"118","[17]","Stmt_Block","findImageClass","org.hipi.image.HipiImageFactory","110","Y",""
"119","[14]","Stmt_Block","findImageClass","org.hipi.image.HipiImageFactory","110","Y",""
"120","[10]","Stmt_Block","findImageClass","org.hipi.image.HipiImageFactory","110","Y",""
"121","[0:2]","Method","getType","org.hipi.image.HipiImageFactory","102","Y",""
"122","[0:6]","Method","createImage","org.hipi.image.HipiImageFactory","102","Y",""
"123","[0:8]","Method","<clinit>","org.hipi.image.HipiImageFactory","102","Y",""
"124","-","Class","-","org.hipi.image.HipiImageHeader$HipiColorSpace","-","Y",""
"125","[0:3]","Method","values","org.hipi.image.HipiImageHeader$HipiColorSpace","124","Y",""
"126","[0:3]","Method","valueOf","org.hipi.image.HipiImageHeader$HipiColorSpace","124","Y",""
"127","[0:6]","Method","<init>","org.hipi.image.HipiImageHeader$HipiColorSpace","124","Y",""
"128","[0:17]","Method","fromInteger","org.hipi.image.HipiImageHeader$HipiColorSpace","124","Y",""
"129","[0:4]","Stmt_Block","fromInteger","org.hipi.image.HipiImageHeader$HipiColorSpace","128","Y",""
"130","[5:7,11:17]","Stmt_Block","fromInteger","org.hipi.image.HipiImageHeader$HipiColorSpace","128","Y",""
"131","[9,10]","Stmt_Block","fromInteger","org.hipi.image.HipiImageHeader$HipiColorSpace","128","Y",""
"132","[8]","Stmt_Block","fromInteger","org.hipi.image.HipiImageHeader$HipiColorSpace","128","Y",""
"133","[0:2]","Method","toInteger","org.hipi.image.HipiImageHeader$HipiColorSpace","124","Y",""
"134","[0,1]","Method","getDefault","org.hipi.image.HipiImageHeader$HipiColorSpace","124","Y",""
"135","[0:17]","Method","<clinit>","org.hipi.image.HipiImageHeader$HipiColorSpace","124","Y",""
"136","-","Class","-","org.hipi.image.HipiImageHeader$HipiImageFormat","-","Y",""
"137","[0:3]","Method","values","org.hipi.image.HipiImageHeader$HipiImageFormat","136","Y",""
"138","[0:3]","Method","valueOf","org.hipi.image.HipiImageHeader$HipiImageFormat","136","Y",""
"139","[0:6]","Method","<init>","org.hipi.image.HipiImageHeader$HipiImageFormat","136","Y",""
"140","[0:17]","Method","fromInteger","org.hipi.image.HipiImageHeader$HipiImageFormat","136","Y",""
"141","[0:4]","Stmt_Block","fromInteger","org.hipi.image.HipiImageHeader$HipiImageFormat","140","Y",""
"142","[5:7,11:17]","Stmt_Block","fromInteger","org.hipi.image.HipiImageHeader$HipiImageFormat","140","Y",""
"143","[9,10]","Stmt_Block","fromInteger","org.hipi.image.HipiImageHeader$HipiImageFormat","140","Y",""
"144","[8]","Stmt_Block","fromInteger","org.hipi.image.HipiImageHeader$HipiImageFormat","140","Y",""
"145","[0:2]","Method","toInteger","org.hipi.image.HipiImageHeader$HipiImageFormat","136","Y",""
"146","[0,1]","Method","getDefault","org.hipi.image.HipiImageHeader$HipiImageFormat","136","Y",""
"147","[0:22]","Method","<clinit>","org.hipi.image.HipiImageHeader$HipiImageFormat","136","Y",""
"148","-","Class","-","org.hipi.image.HipiImageHeader","-","Y",""
"149","[0:37]","Method","<init>","org.hipi.image.HipiImageHeader","148","Y",""
"150","[0:15]","Stmt_Block","<init>","org.hipi.image.HipiImageHeader","149","Y",""
"151","[16,18:28]","Stmt_Block","<init>","org.hipi.image.HipiImageHeader","149","Y",""
"152","[17]","Stmt_Block","<init>","org.hipi.image.HipiImageHeader","149","Y",""
"153","[29:34]","Stmt_Block","<init>","org.hipi.image.HipiImageHeader","149","Y",""
"154","[35:37]","Stmt_Block","<init>","org.hipi.image.HipiImageHeader","149","Y",""
"155","[0:10]","Method","<init>","org.hipi.image.HipiImageHeader","148","Y",""
"156","[0:2]","Method","getStorageFormat","org.hipi.image.HipiImageHeader","148","Y",""
"157","[0:2]","Method","getColorSpace","org.hipi.image.HipiImageHeader","148","Y",""
"158","[0:2]","Method","getWidth","org.hipi.image.HipiImageHeader","148","Y",""
"159","[0:2]","Method","getHeight","org.hipi.image.HipiImageHeader","148","Y",""
"160","[0:2]","Method","getNumBands","org.hipi.image.HipiImageHeader","148","Y",""
"161","[0:5]","Method","addMetaData","org.hipi.image.HipiImageHeader","148","Y",""
"162","[0:5]","Method","setMetaData","org.hipi.image.HipiImageHeader","148","Y",""
"163","[0:5]","Method","getMetaData","org.hipi.image.HipiImageHeader","148","Y",""
"164","[0:4]","Method","getAllMetaData","org.hipi.image.HipiImageHeader","148","Y",""
"165","[0:9]","Method","getMetaDataAsBytes","org.hipi.image.HipiImageHeader","148","Y",""
"166","[0:14]","Method","setMetaDataFromBytes","org.hipi.image.HipiImageHeader","148","Y",""
"167","[0:5]","Method","getExifData","org.hipi.image.HipiImageHeader","148","Y",""
"168","[0:4]","Method","getAllExifData","org.hipi.image.HipiImageHeader","148","Y",""
"169","[0:5]","Method","setExifData","org.hipi.image.HipiImageHeader","148","Y",""
"170","[0:16]","Method","set","org.hipi.image.HipiImageHeader","148","Y",""
"171","[0:23]","Method","toString","org.hipi.image.HipiImageHeader","148","Y",""
"172","[0:23]","Method","write","org.hipi.image.HipiImageHeader","148","Y",""
"173","[0:15]","Stmt_Block","write","org.hipi.image.HipiImageHeader","172","Y",""
"174","[16:19,23]","Stmt_Block","write","org.hipi.image.HipiImageHeader","172","Y",""
"175","[20:22]","Stmt_Block","write","org.hipi.image.HipiImageHeader","172","Y",""
"176","[0:19]","Method","readFields","org.hipi.image.HipiImageHeader","148","Y",""
"177","[0:15]","Stmt_Block","readFields","org.hipi.image.HipiImageHeader","176","Y",""
"178","[16:19]","Stmt_Block","readFields","org.hipi.image.HipiImageHeader","176","Y",""
"179","[0:13]","Method","compareTo","org.hipi.image.HipiImageHeader","148","Y",""
"180","[0:6]","Stmt_Block","compareTo","org.hipi.image.HipiImageHeader","179","Y",""
"181","[9]","Stmt_Block","compareTo","org.hipi.image.HipiImageHeader","179","Y",""
"182","[10:13]","Stmt_Block","compareTo","org.hipi.image.HipiImageHeader","179","Y",""
"183","[7,8]","Stmt_Block","compareTo","org.hipi.image.HipiImageHeader","179","Y",""
"184","[0:3]","Method","hashCode","org.hipi.image.HipiImageHeader","148","Y",""
"185","-","Class","-","org.hipi.image.io.CodecManager$1","-","Y",""
"186","[0:25]","Method","<clinit>","org.hipi.image.io.CodecManager$1","185","Y",""
"187","-","Class","-","org.hipi.image.io.CodecManager","-","Y",""
"188","[0:2]","Method","<init>","org.hipi.image.io.CodecManager","187","Y",""
"189","[0:13]","Method","getDecoder","org.hipi.image.io.CodecManager","187","Y",""
"190","[0:4]","Stmt_Block","getDecoder","org.hipi.image.io.CodecManager","189","Y",""
"191","[7:13]","Stmt_Block","getDecoder","org.hipi.image.io.CodecManager","189","Y",""
"192","[5,6]","Stmt_Block","getDecoder","org.hipi.image.io.CodecManager","189","Y",""
"193","[0:13]","Method","getEncoder","org.hipi.image.io.CodecManager","187","Y",""
"194","[0:4]","Stmt_Block","getEncoder","org.hipi.image.io.CodecManager","193","Y",""
"195","[7:13]","Stmt_Block","getEncoder","org.hipi.image.io.CodecManager","193","Y",""
"196","[5,6]","Stmt_Block","getEncoder","org.hipi.image.io.CodecManager","193","Y",""
"197","-","Class","-","org.hipi.image.io.ExifDataReader$UnclosableBufferedInputStream","-","Y",""
"198","[0:5]","Method","<init>","org.hipi.image.io.ExifDataReader$UnclosableBufferedInputStream","197","Y",""
"199","[0,1]","Method","close","org.hipi.image.io.ExifDataReader$UnclosableBufferedInputStream","197","Y",""
"200","-","Class","-","org.hipi.image.io.ExifDataReader","-","Y",""
"201","[0:6]","Method","<init>","org.hipi.image.io.ExifDataReader","200","Y",""
"202","[0:3]","Method","extract","org.hipi.image.io.ExifDataReader","200","Y",""
"203","[0:35]","Method","extractAndFlatten","org.hipi.image.io.ExifDataReader","200","Y",""
"204","[0:11]","Stmt_Block","extractAndFlatten","org.hipi.image.io.ExifDataReader","203","Y",""
"205","[12:17,25,35]","Stmt_Block","extractAndFlatten","org.hipi.image.io.ExifDataReader","203","Y",""
"206","[24]","Stmt_Block","extractAndFlatten","org.hipi.image.io.ExifDataReader","203","Y",""
"207","[18:23]","Stmt_Block","extractAndFlatten","org.hipi.image.io.ExifDataReader","203","Y",""
"208","-","Class","-","org.hipi.image.io.ImageCodec","-","Y",""
"209","[0:2]","Method","<init>","org.hipi.image.io.ImageCodec","208","Y",""
"210","[0:3]","Method","decodeHeader","org.hipi.image.io.ImageCodec","208","Y",""
"211","[0:11]","Method","decodeHeaderAndImage","org.hipi.image.io.ImageCodec","208","Y",""
"212","[0:93]","Method","decodeImage","org.hipi.image.io.ImageCodec","208","Y",""
"213","[0:7]","Stmt_Block","decodeImage","org.hipi.image.io.ImageCodec","212","Y",""
"214","[14:24]","Stmt_Block","decodeImage","org.hipi.image.io.ImageCodec","212","Y",""
"215","[25:39]","Stmt_Block","decodeImage","org.hipi.image.io.ImageCodec","212","Y",""
"216","[40:43,54:56]","Stmt_Block","decodeImage","org.hipi.image.io.ImageCodec","212","Y",""
"217","[84]","Stmt_Block","decodeImage","org.hipi.image.io.ImageCodec","212","Y",""
"218","[85:88,93]","Stmt_Block","decodeImage","org.hipi.image.io.ImageCodec","212","Y",""
"219","[57,58]","Stmt_Block","decodeImage","org.hipi.image.io.ImageCodec","212","Y",""
"220","[82,83]","Stmt_Block","decodeImage","org.hipi.image.io.ImageCodec","212","Y",""
"221","[59:81]","Stmt_Block","decodeImage","org.hipi.image.io.ImageCodec","212","Y",""
"222","[8:10]","Stmt_Block","decodeImage","org.hipi.image.io.ImageCodec","212","Y",""
"223","[11:13]","Stmt_Block","decodeImage","org.hipi.image.io.ImageCodec","212","Y",""
"224","[0:36]","Method","encodeRasterImage","org.hipi.image.io.ImageCodec","208","Y",""
"225","[0:14]","Stmt_Block","encodeRasterImage","org.hipi.image.io.ImageCodec","224","Y",""
"226","[15:36]","Stmt_Block","encodeRasterImage","org.hipi.image.io.ImageCodec","224","Y",""
"227","-","Class","-","org.hipi.image.io.ImageDecoder","-","Y",""
"228","-","Class","-","org.hipi.image.io.ImageEncoder","-","Y",""
"229","-","Class","-","org.hipi.image.io.JpegCodec","-","Y",""
"230","[0:2]","Method","<init>","org.hipi.image.io.JpegCodec","229","Y",""
"231","[0,1]","Method","getInstance","org.hipi.image.io.JpegCodec","229","Y",""
"232","[0:86]","Method","decodeHeader","org.hipi.image.io.JpegCodec","229","Y",""
"233","[0:10]","Stmt_Block","decodeHeader","org.hipi.image.io.JpegCodec","232","Y",""
"234","[12:19]","Stmt_Block","decodeHeader","org.hipi.image.io.JpegCodec","232","Y",""
"235","[21:23]","Stmt_Block","decodeHeader","org.hipi.image.io.JpegCodec","232","Y",""
"236","[24:26]","Stmt_Block","decodeHeader","org.hipi.image.io.JpegCodec","232","Y",""
"237","[31:41]","Stmt_Block","decodeHeader","org.hipi.image.io.JpegCodec","232","Y",""
"238","[45:60,70]","Stmt_Block","decodeHeader","org.hipi.image.io.JpegCodec","232","Y",""
"239","[78,79]","Stmt_Block","decodeHeader","org.hipi.image.io.JpegCodec","232","Y",""
"240","[80:86]","Stmt_Block","decodeHeader","org.hipi.image.io.JpegCodec","232","Y",""
"241","[42:44,71:77]","Stmt_Block","decodeHeader","org.hipi.image.io.JpegCodec","232","Y",""
"242","[61,62]","Stmt_Block","decodeHeader","org.hipi.image.io.JpegCodec","232","Y",""
"243","[69]","Stmt_Block","decodeHeader","org.hipi.image.io.JpegCodec","232","Y",""
"244","[63:65]","Stmt_Block","decodeHeader","org.hipi.image.io.JpegCodec","232","Y",""
"245","[67,68]","Stmt_Block","decodeHeader","org.hipi.image.io.JpegCodec","232","Y",""
"246","[66]","Stmt_Block","decodeHeader","org.hipi.image.io.JpegCodec","232","Y",""
"247","[27:29]","Stmt_Block","decodeHeader","org.hipi.image.io.JpegCodec","232","Y",""
"248","[30]","Stmt_Block","decodeHeader","org.hipi.image.io.JpegCodec","232","Y",""
"249","[20]","Stmt_Block","decodeHeader","org.hipi.image.io.JpegCodec","232","Y",""
"250","[11]","Stmt_Block","decodeHeader","org.hipi.image.io.JpegCodec","232","Y",""
"251","[0:45]","Method","encodeImage","org.hipi.image.io.JpegCodec","229","Y",""
"252","[0:6]","Stmt_Block","encodeImage","org.hipi.image.io.JpegCodec","251","Y",""
"253","[10,11]","Stmt_Block","encodeImage","org.hipi.image.io.JpegCodec","251","Y",""
"254","[12:16]","Stmt_Block","encodeImage","org.hipi.image.io.JpegCodec","251","Y",""
"255","[17:19]","Stmt_Block","encodeImage","org.hipi.image.io.JpegCodec","251","Y",""
"256","[23,24]","Stmt_Block","encodeImage","org.hipi.image.io.JpegCodec","251","Y",""
"257","[20:22,25:45]","Stmt_Block","encodeImage","org.hipi.image.io.JpegCodec","251","Y",""
"258","[7:9]","Stmt_Block","encodeImage","org.hipi.image.io.JpegCodec","251","Y",""
"259","[0:3]","Method","<clinit>","org.hipi.image.io.JpegCodec","229","Y",""
"260","-","Class","-","org.hipi.image.io.PngCodec$PNGChunk","-","Y",""
"261","[0:8]","Method","<init>","org.hipi.image.io.PngCodec$PNGChunk","260","Y",""
"262","[0:7]","Method","getTypeString","org.hipi.image.io.PngCodec$PNGChunk","260","Y",""
"263","[0:7]","Method","getDataString","org.hipi.image.io.PngCodec$PNGChunk","260","Y",""
"264","[0:2]","Method","getData","org.hipi.image.io.PngCodec$PNGChunk","260","Y",""
"265","[0:16]","Method","getUnsignedInt","org.hipi.image.io.PngCodec$PNGChunk","260","Y",""
"266","[0:4]","Stmt_Block","getUnsignedInt","org.hipi.image.io.PngCodec$PNGChunk","265","Y",""
"267","[5:16]","Stmt_Block","getUnsignedInt","org.hipi.image.io.PngCodec$PNGChunk","265","Y",""
"268","[0:6]","Method","getUnsignedByte","org.hipi.image.io.PngCodec$PNGChunk","260","Y",""
"269","-","Class","-","org.hipi.image.io.PngCodec$PNGData","-","Y",""
"270","[0:7]","Method","<init>","org.hipi.image.io.PngCodec$PNGData","269","Y",""
"271","[0:27]","Method","printAll","org.hipi.image.io.PngCodec$PNGData","269","Y",""
"272","[0:12]","Stmt_Block","printAll","org.hipi.image.io.PngCodec$PNGData","271","Y",""
"273","[13:27]","Stmt_Block","printAll","org.hipi.image.io.PngCodec$PNGData","271","Y",""
"274","[0:20]","Method","add","org.hipi.image.io.PngCodec$PNGData","269","Y",""
"275","[0:10]","Stmt_Block","add","org.hipi.image.io.PngCodec$PNGData","274","Y",""
"276","[11:20]","Stmt_Block","add","org.hipi.image.io.PngCodec$PNGData","274","Y",""
"277","[0:3]","Method","getWidth","org.hipi.image.io.PngCodec$PNGData","269","Y",""
"278","[0:3]","Method","getHeight","org.hipi.image.io.PngCodec$PNGData","269","Y",""
"279","[0:3]","Method","getBitsPerPixel","org.hipi.image.io.PngCodec$PNGData","269","Y",""
"280","[0:3]","Method","getColorType","org.hipi.image.io.PngCodec$PNGData","269","Y",""
"281","[0:3]","Method","getCompression","org.hipi.image.io.PngCodec$PNGData","269","Y",""
"282","[0:3]","Method","getFilter","org.hipi.image.io.PngCodec$PNGData","269","Y",""
"283","[0:3]","Method","getInterlace","org.hipi.image.io.PngCodec$PNGData","269","Y",""
"284","[0:67]","Method","getImageData","org.hipi.image.io.PngCodec$PNGData","269","Y",""
"285","[0:6]","Stmt_Block","getImageData","org.hipi.image.io.PngCodec$PNGData","284","Y",""
"286","[16:29]","Stmt_Block","getImageData","org.hipi.image.io.PngCodec$PNGData","284","Y",""
"287","[32:45]","Stmt_Block","getImageData","org.hipi.image.io.PngCodec$PNGData","284","Y",""
"288","[46:48,62:64]","Stmt_Block","getImageData","org.hipi.image.io.PngCodec$PNGData","284","Y",""
"289","[61]","Stmt_Block","getImageData","org.hipi.image.io.PngCodec$PNGData","284","Y",""
"290","[49:53]","Stmt_Block","getImageData","org.hipi.image.io.PngCodec$PNGData","284","Y",""
"291","[55:60]","Stmt_Block","getImageData","org.hipi.image.io.PngCodec$PNGData","284","Y",""
"292","[54]","Stmt_Block","getImageData","org.hipi.image.io.PngCodec$PNGData","284","Y",""
"293","[30,31]","Stmt_Block","getImageData","org.hipi.image.io.PngCodec$PNGData","284","Y",""
"294","[7:11]","Stmt_Block","getImageData","org.hipi.image.io.PngCodec$PNGData","284","Y",""
"295","[14,15]","Stmt_Block","getImageData","org.hipi.image.io.PngCodec$PNGData","284","Y",""
"296","[12,13]","Stmt_Block","getImageData","org.hipi.image.io.PngCodec$PNGData","284","Y",""
"297","[0:15]","Method","getChunk","org.hipi.image.io.PngCodec$PNGData","269","Y",""
"298","[0:4]","Stmt_Block","getChunk","org.hipi.image.io.PngCodec$PNGData","297","Y",""
"299","[5:9,15]","Stmt_Block","getChunk","org.hipi.image.io.PngCodec$PNGData","297","Y",""
"300","[13,14]","Stmt_Block","getChunk","org.hipi.image.io.PngCodec$PNGData","297","Y",""
"301","[10:12]","Stmt_Block","getChunk","org.hipi.image.io.PngCodec$PNGData","297","Y",""
"302","-","Class","-","org.hipi.image.io.PngCodec","-","Y",""
"303","[0:2]","Method","<init>","org.hipi.image.io.PngCodec","302","Y",""
"304","[0,1]","Method","getInstance","org.hipi.image.io.PngCodec","302","Y",""
"305","[0:66]","Method","decodeHeader","org.hipi.image.io.PngCodec","302","Y",""
"306","[0:13]","Stmt_Block","decodeHeader","org.hipi.image.io.PngCodec","305","Y",""
"307","[53]","Stmt_Block","decodeHeader","org.hipi.image.io.PngCodec","305","Y",""
"308","[54:57]","Stmt_Block","decodeHeader","org.hipi.image.io.PngCodec","305","Y",""
"309","[58,59]","Stmt_Block","decodeHeader","org.hipi.image.io.PngCodec","305","Y",""
"310","[60:66]","Stmt_Block","decodeHeader","org.hipi.image.io.PngCodec","305","Y",""
"311","[14,15]","Stmt_Block","decodeHeader","org.hipi.image.io.PngCodec","305","Y",""
"312","[19:25]","Stmt_Block","decodeHeader","org.hipi.image.io.PngCodec","305","Y",""
"313","[46:48]","Stmt_Block","decodeHeader","org.hipi.image.io.PngCodec","305","Y",""
"314","[26:32]","Stmt_Block","decodeHeader","org.hipi.image.io.PngCodec","305","Y",""
"315","[36:45]","Stmt_Block","decodeHeader","org.hipi.image.io.PngCodec","305","Y",""
"316","[16:18,33:35]","Stmt_Block","decodeHeader","org.hipi.image.io.PngCodec","305","Y",""
"317","[0:7]","Method","readSignature","org.hipi.image.io.PngCodec","302","Y",""
"318","[0:3]","Stmt_Block","readSignature","org.hipi.image.io.PngCodec","317","Y",""
"319","[4:7]","Stmt_Block","readSignature","org.hipi.image.io.PngCodec","317","Y",""
"320","[0:36]","Method","readChunks","org.hipi.image.io.PngCodec","302","Y",""
"321","[0:7]","Stmt_Block","readChunks","org.hipi.image.io.PngCodec","320","Y",""
"322","[8,9,36]","Stmt_Block","readChunks","org.hipi.image.io.PngCodec","320","Y",""
"323","[13:21]","Stmt_Block","readChunks","org.hipi.image.io.PngCodec","320","Y",""
"324","[25:31]","Stmt_Block","readChunks","org.hipi.image.io.PngCodec","320","Y",""
"325","[10:12,22:24]","Stmt_Block","readChunks","org.hipi.image.io.PngCodec","320","Y",""
"326","[0:14]","Method","verifyCRC","org.hipi.image.io.PngCodec","302","Y",""
"327","[0:10]","Stmt_Block","verifyCRC","org.hipi.image.io.PngCodec","326","Y",""
"328","[11:14]","Stmt_Block","verifyCRC","org.hipi.image.io.PngCodec","326","Y",""
"329","[0:154]","Method","encodeImage","org.hipi.image.io.PngCodec","302","Y",""
"330","[0:6]","Stmt_Block","encodeImage","org.hipi.image.io.PngCodec","329","Y",""
"331","[10,11]","Stmt_Block","encodeImage","org.hipi.image.io.PngCodec","329","Y",""
"332","[12:16]","Stmt_Block","encodeImage","org.hipi.image.io.PngCodec","329","Y",""
"333","[17:19]","Stmt_Block","encodeImage","org.hipi.image.io.PngCodec","329","Y",""
"334","[23,24]","Stmt_Block","encodeImage","org.hipi.image.io.PngCodec","329","Y",""
"335","[28:57]","Stmt_Block","encodeImage","org.hipi.image.io.PngCodec","329","Y",""
"336","[81:98]","Stmt_Block","encodeImage","org.hipi.image.io.PngCodec","329","Y",""
"337","[99,100,129:154]","Stmt_Block","encodeImage","org.hipi.image.io.PngCodec","329","Y",""
"338","[101:103]","Stmt_Block","encodeImage","org.hipi.image.io.PngCodec","329","Y",""
"339","[127,128]","Stmt_Block","encodeImage","org.hipi.image.io.PngCodec","329","Y",""
"340","[104:126]","Stmt_Block","encodeImage","org.hipi.image.io.PngCodec","329","Y",""
"341","[74:80]","Stmt_Block","encodeImage","org.hipi.image.io.PngCodec","329","Y",""
"342","[66:73]","Stmt_Block","encodeImage","org.hipi.image.io.PngCodec","329","Y",""
"343","[58:65]","Stmt_Block","encodeImage","org.hipi.image.io.PngCodec","329","Y",""
"344","[20:22,25:27]","Stmt_Block","encodeImage","org.hipi.image.io.PngCodec","329","Y",""
"345","[7:9]","Stmt_Block","encodeImage","org.hipi.image.io.PngCodec","329","Y",""
"346","[0:21]","Method","write","org.hipi.image.io.PngCodec","302","Y",""
"347","[0:6]","Method","write","org.hipi.image.io.PngCodec","302","Y",""
"348","[0:3]","Method","<clinit>","org.hipi.image.io.PngCodec","302","Y",""
"349","-","Class","-","org.hipi.image.io.PpmCodec$1","-","Y",""
"350","-","Class","-","org.hipi.image.io.PpmCodec$PpmHeader","-","Y",""
"351","[0:9]","Method","<init>","org.hipi.image.io.PpmCodec$PpmHeader","350","Y",""
"352","[0:4]","Method","<init>","org.hipi.image.io.PpmCodec$PpmHeader","350","Y",""
"353","-","Class","-","org.hipi.image.io.PpmCodec","-","Y",""
"354","[0:2]","Method","<init>","org.hipi.image.io.PpmCodec","353","Y",""
"355","[0,1]","Method","getInstance","org.hipi.image.io.PpmCodec","353","Y",""
"356","[0:85]","Method","internalDecodeHeader","org.hipi.image.io.PpmCodec","353","Y",""
"357","[0:10]","Stmt_Block","internalDecodeHeader","org.hipi.image.io.PpmCodec","356","Y",""
"358","[11:28]","Stmt_Block","internalDecodeHeader","org.hipi.image.io.PpmCodec","356","Y",""
"359","[29:33]","Stmt_Block","internalDecodeHeader","org.hipi.image.io.PpmCodec","356","Y",""
"360","[47:51]","Stmt_Block","internalDecodeHeader","org.hipi.image.io.PpmCodec","356","Y",""
"361","[65:69]","Stmt_Block","internalDecodeHeader","org.hipi.image.io.PpmCodec","356","Y",""
"362","[70:72,83:85]","Stmt_Block","internalDecodeHeader","org.hipi.image.io.PpmCodec","356","Y",""
"363","[73:82]","Stmt_Block","internalDecodeHeader","org.hipi.image.io.PpmCodec","356","Y",""
"364","[52:54]","Stmt_Block","internalDecodeHeader","org.hipi.image.io.PpmCodec","356","Y",""
"365","[55:64]","Stmt_Block","internalDecodeHeader","org.hipi.image.io.PpmCodec","356","Y",""
"366","[34:36]","Stmt_Block","internalDecodeHeader","org.hipi.image.io.PpmCodec","356","Y",""
"367","[37:46]","Stmt_Block","internalDecodeHeader","org.hipi.image.io.PpmCodec","356","Y",""
"368","[0:24]","Method","decodeHeader","org.hipi.image.io.PpmCodec","353","Y",""
"369","[0:5]","Stmt_Block","decodeHeader","org.hipi.image.io.PpmCodec","368","Y",""
"370","[14]","Stmt_Block","decodeHeader","org.hipi.image.io.PpmCodec","368","Y",""
"371","[6:13,15:24]","Stmt_Block","decodeHeader","org.hipi.image.io.PpmCodec","368","Y",""
"372","[0:59]","Method","encodeImage","org.hipi.image.io.PpmCodec","353","Y",""
"373","[0:6]","Stmt_Block","encodeImage","org.hipi.image.io.PpmCodec","372","Y",""
"374","[10,11]","Stmt_Block","encodeImage","org.hipi.image.io.PpmCodec","372","Y",""
"375","[12:16]","Stmt_Block","encodeImage","org.hipi.image.io.PpmCodec","372","Y",""
"376","[17:19]","Stmt_Block","encodeImage","org.hipi.image.io.PpmCodec","372","Y",""
"377","[23,24]","Stmt_Block","encodeImage","org.hipi.image.io.PpmCodec","372","Y",""
"378","[28:52]","Stmt_Block","encodeImage","org.hipi.image.io.PpmCodec","372","Y",""
"379","[53:59]","Stmt_Block","encodeImage","org.hipi.image.io.PpmCodec","372","Y",""
"380","[20:22,25:27]","Stmt_Block","encodeImage","org.hipi.image.io.PpmCodec","372","Y",""
"381","[7:9]","Stmt_Block","encodeImage","org.hipi.image.io.PpmCodec","372","Y",""
"382","[0:3]","Method","<clinit>","org.hipi.image.io.PpmCodec","353","Y",""
"383","-","Class","-","org.hipi.image.PixelArray","-","Y",""
"384","[0:13]","Method","getDataTypeSize","org.hipi.image.PixelArray","383","Y",""
"385","[0,1]","Stmt_Block","getDataTypeSize","org.hipi.image.PixelArray","384","Y",""
"386","[2:10]","Stmt_Block","getDataTypeSize","org.hipi.image.PixelArray","384","Y",""
"387","[11:13]","Stmt_Block","getDataTypeSize","org.hipi.image.PixelArray","384","Y",""
"388","[0:4]","Method","<init>","org.hipi.image.PixelArray","383","Y",""
"389","[0:6]","Method","<init>","org.hipi.image.PixelArray","383","Y",""
"390","[0:2]","Method","getDataType","org.hipi.image.PixelArray","383","Y",""
"391","[0:2]","Method","getSize","org.hipi.image.PixelArray","383","Y",""
"392","[0:4]","Method","getElemFloat","org.hipi.image.PixelArray","383","Y",""
"393","[0:5]","Method","setElemFloat","org.hipi.image.PixelArray","383","Y",""
"394","[0:4]","Method","getElemDouble","org.hipi.image.PixelArray","383","Y",""
"395","[0:5]","Method","setElemDouble","org.hipi.image.PixelArray","383","Y",""
"396","[0:8]","Method","<clinit>","org.hipi.image.PixelArray","383","Y",""
"397","-","Class","-","org.hipi.image.PixelArrayByte","-","Y",""
"398","[0:5]","Method","<init>","org.hipi.image.PixelArrayByte","397","Y",""
"399","[0:3]","Method","<init>","org.hipi.image.PixelArrayByte","397","Y",""
"400","[0:2]","Method","getData","org.hipi.image.PixelArrayByte","397","Y",""
"401","[0:12]","Method","setSize","org.hipi.image.PixelArrayByte","397","Y",""
"402","[0:2]","Stmt_Block","setSize","org.hipi.image.PixelArrayByte","401","Y",""
"403","[6,7]","Stmt_Block","setSize","org.hipi.image.PixelArrayByte","401","Y",""
"404","[8:12]","Stmt_Block","setSize","org.hipi.image.PixelArrayByte","401","Y",""
"405","[3:5]","Stmt_Block","setSize","org.hipi.image.PixelArrayByte","401","Y",""
"406","[0:2]","Method","getByteArray","org.hipi.image.PixelArrayByte","397","Y",""
"407","[0:12]","Method","setFromByteArray","org.hipi.image.PixelArrayByte","397","Y",""
"408","[0:2]","Stmt_Block","setFromByteArray","org.hipi.image.PixelArrayByte","407","Y",""
"409","[3:7,12]","Stmt_Block","setFromByteArray","org.hipi.image.PixelArrayByte","407","Y",""
"410","[8:11]","Stmt_Block","setFromByteArray","org.hipi.image.PixelArrayByte","407","Y",""
"411","[0:5]","Method","getElem","org.hipi.image.PixelArrayByte","397","Y",""
"412","[0:3]","Method","getElemNonLinSRGB","org.hipi.image.PixelArrayByte","397","Y",""
"413","[0:8]","Method","setElem","org.hipi.image.PixelArrayByte","397","Y",""
"414","[0:4]","Method","setElemNonLinSRGB","org.hipi.image.PixelArrayByte","397","Y",""
"415","[0:7]","Method","getElemFloat","org.hipi.image.PixelArrayByte","397","Y",""
"416","[0:12]","Method","setElemFloat","org.hipi.image.PixelArrayByte","397","Y",""
"417","[0:7]","Method","getElemDouble","org.hipi.image.PixelArrayByte","397","Y",""
"418","[0:11]","Method","setElemDouble","org.hipi.image.PixelArrayByte","397","Y",""
"419","-","Class","-","org.hipi.image.PixelArrayFloat","-","Y",""
"420","[0:3]","Method","<init>","org.hipi.image.PixelArrayFloat","419","Y",""
"421","[0:5]","Method","<init>","org.hipi.image.PixelArrayFloat","419","Y",""
"422","[0:2]","Method","getData","org.hipi.image.PixelArrayFloat","419","Y",""
"423","[0:12]","Method","setSize","org.hipi.image.PixelArrayFloat","419","Y",""
"424","[0:2]","Stmt_Block","setSize","org.hipi.image.PixelArrayFloat","423","Y",""
"425","[6,7]","Stmt_Block","setSize","org.hipi.image.PixelArrayFloat","423","Y",""
"426","[8:12]","Stmt_Block","setSize","org.hipi.image.PixelArrayFloat","423","Y",""
"427","[3:5]","Stmt_Block","setSize","org.hipi.image.PixelArrayFloat","423","Y",""
"428","[0:3]","Method","getByteArray","org.hipi.image.PixelArrayFloat","419","Y",""
"429","[0:13]","Method","setFromByteArray","org.hipi.image.PixelArrayFloat","419","Y",""
"430","[0:2]","Stmt_Block","setFromByteArray","org.hipi.image.PixelArrayFloat","429","Y",""
"431","[3:7,13]","Stmt_Block","setFromByteArray","org.hipi.image.PixelArrayFloat","429","Y",""
"432","[8:12]","Stmt_Block","setFromByteArray","org.hipi.image.PixelArrayFloat","429","Y",""
"433","[0:8]","Method","getElem","org.hipi.image.PixelArrayFloat","419","Y",""
"434","[0:12]","Method","getElemNonLinSRGB","org.hipi.image.PixelArrayFloat","419","Y",""
"435","[0:7]","Method","setElem","org.hipi.image.PixelArrayFloat","419","Y",""
"436","[0:13]","Method","setElemNonLinSRGB","org.hipi.image.PixelArrayFloat","419","Y",""
"437","[0:4]","Stmt_Block","setElemNonLinSRGB","org.hipi.image.PixelArrayFloat","436","Y",""
"438","[7]","Stmt_Block","setElemNonLinSRGB","org.hipi.image.PixelArrayFloat","436","Y",""
"439","[8:13]","Stmt_Block","setElemNonLinSRGB","org.hipi.image.PixelArrayFloat","436","Y",""
"440","[5,6]","Stmt_Block","setElemNonLinSRGB","org.hipi.image.PixelArrayFloat","436","Y",""
"441","[0:4]","Method","getElemFloat","org.hipi.image.PixelArrayFloat","419","Y",""
"442","[0:5]","Method","setElemFloat","org.hipi.image.PixelArrayFloat","419","Y",""
"443","[0:5]","Method","getElemDouble","org.hipi.image.PixelArrayFloat","419","Y",""
"444","[0:6]","Method","setElemDouble","org.hipi.image.PixelArrayFloat","419","Y",""
"445","[0:2308]","Method","<clinit>","org.hipi.image.PixelArrayFloat","419","Y",""
"446","-","Class","-","org.hipi.image.RasterImage$1","-","Y",""
"447","[0:18]","Method","<clinit>","org.hipi.image.RasterImage$1","446","Y",""
"448","-","Class","-","org.hipi.image.RasterImage","-","Y",""
"449","[0:4]","Method","<init>","org.hipi.image.RasterImage","448","Y",""
"450","[0:10]","Method","setHeader","org.hipi.image.RasterImage","448","Y",""
"451","[0:2]","Method","getPixelArray","org.hipi.image.RasterImage","448","Y",""
"452","[0:57]","Method","crop","org.hipi.image.RasterImage","448","Y",""
"453","[0:9]","Stmt_Block","crop","org.hipi.image.RasterImage","452","Y",""
"454","[10,17:19]","Stmt_Block","crop","org.hipi.image.RasterImage","452","Y",""
"455","[11,12]","Stmt_Block","crop","org.hipi.image.RasterImage","452","Y",""
"456","[13]","Stmt_Block","crop","org.hipi.image.RasterImage","452","Y",""
"457","[14]","Stmt_Block","crop","org.hipi.image.RasterImage","452","Y",""
"458","[15,16]","Stmt_Block","crop","org.hipi.image.RasterImage","452","Y",""
"459","[20,21]","Stmt_Block","crop","org.hipi.image.RasterImage","452","Y",""
"460","[22,23,26:28]","Stmt_Block","crop","org.hipi.image.RasterImage","452","Y",""
"461","[24,25]","Stmt_Block","crop","org.hipi.image.RasterImage","452","Y",""
"462","[29:32]","Stmt_Block","crop","org.hipi.image.RasterImage","452","Y",""
"463","[33:35,57]","Stmt_Block","crop","org.hipi.image.RasterImage","452","Y",""
"464","[55,56]","Stmt_Block","crop","org.hipi.image.RasterImage","452","Y",""
"465","[36,37]","Stmt_Block","crop","org.hipi.image.RasterImage","452","Y",""
"466","[53,54]","Stmt_Block","crop","org.hipi.image.RasterImage","452","Y",""
"467","[38:52]","Stmt_Block","crop","org.hipi.image.RasterImage","452","Y",""
"468","[0:74]","Method","convertToColorSpace","org.hipi.image.RasterImage","448","Y",""
"469","[0:4]","Stmt_Block","convertToColorSpace","org.hipi.image.RasterImage","468","Y",""
"470","[8:10]","Stmt_Block","convertToColorSpace","org.hipi.image.RasterImage","468","Y",""
"471","[11:13,71:73]","Stmt_Block","convertToColorSpace","org.hipi.image.RasterImage","468","Y",""
"472","[14:18]","Stmt_Block","convertToColorSpace","org.hipi.image.RasterImage","468","Y",""
"473","[23,24]","Stmt_Block","convertToColorSpace","org.hipi.image.RasterImage","468","Y",""
"474","[25,26,29:31]","Stmt_Block","convertToColorSpace","org.hipi.image.RasterImage","468","Y",""
"475","[27,28]","Stmt_Block","convertToColorSpace","org.hipi.image.RasterImage","468","Y",""
"476","[32:34]","Stmt_Block","convertToColorSpace","org.hipi.image.RasterImage","468","Y",""
"477","[35,36,70,74]","Stmt_Block","convertToColorSpace","org.hipi.image.RasterImage","468","Y",""
"478","[68,69]","Stmt_Block","convertToColorSpace","org.hipi.image.RasterImage","468","Y",""
"479","[37:67]","Stmt_Block","convertToColorSpace","org.hipi.image.RasterImage","468","Y",""
"480","[19]","Stmt_Block","convertToColorSpace","org.hipi.image.RasterImage","468","Y",""
"481","[5:7,20:22]","Stmt_Block","convertToColorSpace","org.hipi.image.RasterImage","468","Y",""
"482","[0:66]","Method","toString","org.hipi.image.RasterImage","448","Y",""
"483","[0:6]","Stmt_Block","toString","org.hipi.image.RasterImage","482","Y",""
"484","[11:30]","Stmt_Block","toString","org.hipi.image.RasterImage","482","Y",""
"485","[31:33,64:66]","Stmt_Block","toString","org.hipi.image.RasterImage","482","Y",""
"486","[59,60]","Stmt_Block","toString","org.hipi.image.RasterImage","482","Y",""
"487","[62,63]","Stmt_Block","toString","org.hipi.image.RasterImage","482","Y",""
"488","[61]","Stmt_Block","toString","org.hipi.image.RasterImage","482","Y",""
"489","[34:36]","Stmt_Block","toString","org.hipi.image.RasterImage","482","Y",""
"490","[47:53]","Stmt_Block","toString","org.hipi.image.RasterImage","482","Y",""
"491","[56:58]","Stmt_Block","toString","org.hipi.image.RasterImage","482","Y",""
"492","[54,55]","Stmt_Block","toString","org.hipi.image.RasterImage","482","Y",""
"493","[37:46]","Stmt_Block","toString","org.hipi.image.RasterImage","482","Y",""
"494","[9,10]","Stmt_Block","toString","org.hipi.image.RasterImage","482","Y",""
"495","[7,8]","Stmt_Block","toString","org.hipi.image.RasterImage","482","Y",""
"496","[0:6]","Method","set","org.hipi.image.RasterImage","448","Y",""
"497","[0:7]","Method","write","org.hipi.image.RasterImage","448","Y",""
"498","[0:18]","Method","readFields","org.hipi.image.RasterImage","448","Y",""
"499","[0:7]","Method","<clinit>","org.hipi.image.RasterImage","448","Y",""
"500","[0:2]","Stmt_Block","<clinit>","org.hipi.image.RasterImage","499","Y",""
"501","[3:7]","Stmt_Block","<clinit>","org.hipi.image.RasterImage","499","Y",""
"502","-","Class","-","org.hipi.image.RawImage","-","Y",""
"503","[0:3]","Method","<init>","org.hipi.image.RawImage","502","Y",""
"504","[0:3]","Method","setRawBytes","org.hipi.image.RawImage","502","Y",""
"505","[0:2]","Method","getRawBytes","org.hipi.image.RawImage","502","Y",""
"506","[0:2]","Method","getType","org.hipi.image.RawImage","502","Y",""
"507","[0:39]","Method","toString","org.hipi.image.RawImage","502","Y",""
"508","[0:19]","Stmt_Block","toString","org.hipi.image.RawImage","507","Y",""
"509","[22:27]","Stmt_Block","toString","org.hipi.image.RawImage","507","Y",""
"510","[28:39]","Stmt_Block","toString","org.hipi.image.RawImage","507","Y",""
"511","[20,21]","Stmt_Block","toString","org.hipi.image.RawImage","507","Y",""
"512","[0:6]","Method","set","org.hipi.image.RawImage","502","Y",""
"513","[0:20]","Method","write","org.hipi.image.RawImage","502","Y",""
"514","[0:3]","Stmt_Block","write","org.hipi.image.RawImage","513","Y",""
"515","[7:10]","Stmt_Block","write","org.hipi.image.RawImage","513","Y",""
"516","[11:20]","Stmt_Block","write","org.hipi.image.RawImage","513","Y",""
"517","[4:6]","Stmt_Block","write","org.hipi.image.RawImage","513","Y",""
"518","[0:13]","Method","readFields","org.hipi.image.RawImage","502","Y",""
"519","[0:6]","Stmt_Block","readFields","org.hipi.image.RawImage","518","Y",""
"520","[7:13]","Stmt_Block","readFields","org.hipi.image.RawImage","518","Y",""
"521","[0:3]","Method","hex","org.hipi.image.RawImage","502","Y",""
"522","-","Class","-","org.hipi.imagebundle.HipiImageBundle$1","-","Y",""
"523","[0:64]","Method","<clinit>","org.hipi.imagebundle.HipiImageBundle$1","522","Y",""
"524","-","Class","-","org.hipi.imagebundle.HipiImageBundle$HibReader","-","Y",""
"525","[0:57]","Method","<init>","org.hipi.imagebundle.HipiImageBundle$HibReader","524","Y",""
"526","[0:21]","Stmt_Block","<init>","org.hipi.imagebundle.HipiImageBundle$HibReader","525","Y",""
"527","[40:46]","Stmt_Block","<init>","org.hipi.imagebundle.HipiImageBundle$HibReader","525","Y",""
"528","[47:50,54:57]","Stmt_Block","<init>","org.hipi.imagebundle.HipiImageBundle$HibReader","525","Y",""
"529","[52,53]","Stmt_Block","<init>","org.hipi.imagebundle.HipiImageBundle$HibReader","525","Y",""
"530","[51]","Stmt_Block","<init>","org.hipi.imagebundle.HipiImageBundle$HibReader","525","Y",""
"531","[22:25]","Stmt_Block","<init>","org.hipi.imagebundle.HipiImageBundle$HibReader","525","Y",""
"532","[0:6]","Method","<init>","org.hipi.imagebundle.HipiImageBundle$HibReader","524","Y",""
"533","[0:26]","Method","getProgress","org.hipi.imagebundle.HipiImageBundle$HibReader","524","Y",""
"534","[0:6]","Stmt_Block","getProgress","org.hipi.imagebundle.HipiImageBundle$HibReader","533","Y",""
"535","[18:21]","Stmt_Block","getProgress","org.hipi.imagebundle.HipiImageBundle$HibReader","533","Y",""
"536","[23,24]","Stmt_Block","getProgress","org.hipi.imagebundle.HipiImageBundle$HibReader","533","Y",""
"537","[25,26]","Stmt_Block","getProgress","org.hipi.imagebundle.HipiImageBundle$HibReader","533","Y",""
"538","[22]","Stmt_Block","getProgress","org.hipi.imagebundle.HipiImageBundle$HibReader","533","Y",""
"539","[7:17]","Stmt_Block","getProgress","org.hipi.imagebundle.HipiImageBundle$HibReader","533","Y",""
"540","[0:5]","Method","close","org.hipi.imagebundle.HipiImageBundle$HibReader","524","Y",""
"541","[0:2]","Stmt_Block","close","org.hipi.imagebundle.HipiImageBundle$HibReader","540","Y",""
"542","[3:5]","Stmt_Block","close","org.hipi.imagebundle.HipiImageBundle$HibReader","540","Y",""
"543","[0:327]","Method","nextKeyValue","org.hipi.imagebundle.HipiImageBundle$HibReader","524","Y",""
"544","[0:8]","Stmt_Block","nextKeyValue","org.hipi.imagebundle.HipiImageBundle$HibReader","543","Y",""
"545","[14:21]","Stmt_Block","nextKeyValue","org.hipi.imagebundle.HipiImageBundle$HibReader","543","Y",""
"546","[31]","Stmt_Block","nextKeyValue","org.hipi.imagebundle.HipiImageBundle$HibReader","543","Y",""
"547","[33:35]","Stmt_Block","nextKeyValue","org.hipi.imagebundle.HipiImageBundle$HibReader","543","Y",""
"548","[45:63]","Stmt_Block","nextKeyValue","org.hipi.imagebundle.HipiImageBundle$HibReader","543","Y",""
"549","[73:91]","Stmt_Block","nextKeyValue","org.hipi.imagebundle.HipiImageBundle$HibReader","543","Y",""
"550","[101:121,133:135]","Stmt_Block","nextKeyValue","org.hipi.imagebundle.HipiImageBundle$HibReader","543","Y",""
"551","[145:173]","Stmt_Block","nextKeyValue","org.hipi.imagebundle.HipiImageBundle$HibReader","543","Y",""
"552","[183,184]","Stmt_Block","nextKeyValue","org.hipi.imagebundle.HipiImageBundle$HibReader","543","Y",""
"553","[200:205]","Stmt_Block","nextKeyValue","org.hipi.imagebundle.HipiImageBundle$HibReader","543","Y",""
"554","[185:187,206:210,224:232,246:252]","Stmt_Block","nextKeyValue","org.hipi.imagebundle.HipiImageBundle$HibReader","543","Y",""
"555","[194:197]","Stmt_Block","nextKeyValue","org.hipi.imagebundle.HipiImageBundle$HibReader","543","Y",""
"556","[198,199]","Stmt_Block","nextKeyValue","org.hipi.imagebundle.HipiImageBundle$HibReader","543","Y",""
"557","[188:193]","Stmt_Block","nextKeyValue","org.hipi.imagebundle.HipiImageBundle$HibReader","543","Y",""
"558","[32,36:44,64:72,92:100,136:144,174:182]","Stmt_Block","nextKeyValue","org.hipi.imagebundle.HipiImageBundle$HibReader","543","Y",""
"559","[22]","Stmt_Block","nextKeyValue","org.hipi.imagebundle.HipiImageBundle$HibReader","543","Y",""
"560","[23:30]","Stmt_Block","nextKeyValue","org.hipi.imagebundle.HipiImageBundle$HibReader","543","Y",""
"561","[9:12]","Stmt_Block","nextKeyValue","org.hipi.imagebundle.HipiImageBundle$HibReader","543","Y",""
"562","[13]","Stmt_Block","nextKeyValue","org.hipi.imagebundle.HipiImageBundle$HibReader","543","Y",""
"563","[0:2]","Method","getImageBytes","org.hipi.imagebundle.HipiImageBundle$HibReader","524","Y",""
"564","[0:2]","Method","getImageStorageFormat","org.hipi.imagebundle.HipiImageBundle$HibReader","524","Y",""
"565","[0:2]","Method","getCurrentKey","org.hipi.imagebundle.HipiImageBundle$HibReader","524","Y",""
"566","[0:2]","Method","getCurrentValue","org.hipi.imagebundle.HipiImageBundle$HibReader","524","Y",""
"567","-","Class","-","org.hipi.imagebundle.HipiImageBundle","-","Y",""
"568","[0:24]","Method","<init>","org.hipi.imagebundle.HipiImageBundle","567","Y",""
"569","[0:4]","Method","<init>","org.hipi.imagebundle.HipiImageBundle","567","Y",""
"570","[0:7]","Method","<init>","org.hipi.imagebundle.HipiImageBundle","567","Y",""
"571","[0:7]","Method","<init>","org.hipi.imagebundle.HipiImageBundle","567","Y",""
"572","[0:9]","Method","<init>","org.hipi.imagebundle.HipiImageBundle","567","Y",""
"573","[0:2]","Method","getPath","org.hipi.imagebundle.HipiImageBundle","567","Y",""
"574","[0:128]","Method","openForWrite","org.hipi.imagebundle.HipiImageBundle","567","Y",""
"575","[0:3]","Stmt_Block","openForWrite","org.hipi.imagebundle.HipiImageBundle","574","Y",""
"576","[15:19]","Stmt_Block","openForWrite","org.hipi.imagebundle.HipiImageBundle","574","Y",""
"577","[32:34]","Stmt_Block","openForWrite","org.hipi.imagebundle.HipiImageBundle","574","Y",""
"578","[47,48]","Stmt_Block","openForWrite","org.hipi.imagebundle.HipiImageBundle","574","Y",""
"579","[54,55]","Stmt_Block","openForWrite","org.hipi.imagebundle.HipiImageBundle","574","Y",""
"580","[61,62]","Stmt_Block","openForWrite","org.hipi.imagebundle.HipiImageBundle","574","Y",""
"581","[68:70]","Stmt_Block","openForWrite","org.hipi.imagebundle.HipiImageBundle","574","Y",""
"582","[74,75]","Stmt_Block","openForWrite","org.hipi.imagebundle.HipiImageBundle","574","Y",""
"583","[79]","Stmt_Block","openForWrite","org.hipi.imagebundle.HipiImageBundle","574","Y",""
"584","[80:82,89:105,127,128]","Stmt_Block","openForWrite","org.hipi.imagebundle.HipiImageBundle","574","Y",""
"585","[83:85]","Stmt_Block","openForWrite","org.hipi.imagebundle.HipiImageBundle","574","Y",""
"586","[76:78,86:88]","Stmt_Block","openForWrite","org.hipi.imagebundle.HipiImageBundle","574","Y",""
"587","[71:73]","Stmt_Block","openForWrite","org.hipi.imagebundle.HipiImageBundle","574","Y",""
"588","[63,64]","Stmt_Block","openForWrite","org.hipi.imagebundle.HipiImageBundle","574","Y",""
"589","[56,57,65:67]","Stmt_Block","openForWrite","org.hipi.imagebundle.HipiImageBundle","574","Y",""
"590","[49,50,58:60]","Stmt_Block","openForWrite","org.hipi.imagebundle.HipiImageBundle","574","Y",""
"591","[35,51:53]","Stmt_Block","openForWrite","org.hipi.imagebundle.HipiImageBundle","574","Y",""
"592","[20,36:46]","Stmt_Block","openForWrite","org.hipi.imagebundle.HipiImageBundle","574","Y",""
"593","[4:14,21:31]","Stmt_Block","openForWrite","org.hipi.imagebundle.HipiImageBundle","574","Y",""
"594","[0:16]","Method","writeBundleHeader","org.hipi.imagebundle.HipiImageBundle","567","Y",""
"595","[0:2]","Stmt_Block","writeBundleHeader","org.hipi.imagebundle.HipiImageBundle","594","Y",""
"596","[3,4,8:16]","Stmt_Block","writeBundleHeader","org.hipi.imagebundle.HipiImageBundle","594","Y",""
"597","[5:7]","Stmt_Block","writeBundleHeader","org.hipi.imagebundle.HipiImageBundle","594","Y",""
"598","[0:98]","Method","addImage","org.hipi.imagebundle.HipiImageBundle","567","Y",""
"599","[0:4]","Stmt_Block","addImage","org.hipi.imagebundle.HipiImageBundle","598","Y",""
"600","[5:98]","Stmt_Block","addImage","org.hipi.imagebundle.HipiImageBundle","598","Y",""
"601","[0:28]","Method","addImage","org.hipi.imagebundle.HipiImageBundle","567","Y",""
"602","[0:8]","Stmt_Block","addImage","org.hipi.imagebundle.HipiImageBundle","601","Y",""
"603","[19:24]","Stmt_Block","addImage","org.hipi.imagebundle.HipiImageBundle","601","Y",""
"604","[25:28]","Stmt_Block","addImage","org.hipi.imagebundle.HipiImageBundle","601","Y",""
"605","[11:18]","Stmt_Block","addImage","org.hipi.imagebundle.HipiImageBundle","601","Y",""
"606","[9,10]","Stmt_Block","addImage","org.hipi.imagebundle.HipiImageBundle","601","Y",""
"607","[0:4]","Method","addImage","org.hipi.imagebundle.HipiImageBundle","567","Y",""
"608","[0:154]","Method","openForRead","org.hipi.imagebundle.HipiImageBundle","567","Y",""
"609","[0:2]","Stmt_Block","openForRead","org.hipi.imagebundle.HipiImageBundle","608","Y",""
"610","[12,13]","Stmt_Block","openForRead","org.hipi.imagebundle.HipiImageBundle","608","Y",""
"611","[25:29]","Stmt_Block","openForRead","org.hipi.imagebundle.HipiImageBundle","608","Y",""
"612","[41:43]","Stmt_Block","openForRead","org.hipi.imagebundle.HipiImageBundle","608","Y",""
"613","[55,56]","Stmt_Block","openForRead","org.hipi.imagebundle.HipiImageBundle","608","Y",""
"614","[62,63]","Stmt_Block","openForRead","org.hipi.imagebundle.HipiImageBundle","608","Y",""
"615","[69,70]","Stmt_Block","openForRead","org.hipi.imagebundle.HipiImageBundle","608","Y",""
"616","[76,77]","Stmt_Block","openForRead","org.hipi.imagebundle.HipiImageBundle","608","Y",""
"617","[90:98]","Stmt_Block","openForRead","org.hipi.imagebundle.HipiImageBundle","608","Y",""
"618","[109,129]","Stmt_Block","openForRead","org.hipi.imagebundle.HipiImageBundle","608","Y",""
"619","[130,153,154]","Stmt_Block","openForRead","org.hipi.imagebundle.HipiImageBundle","608","Y",""
"620","[142,143]","Stmt_Block","openForRead","org.hipi.imagebundle.HipiImageBundle","608","Y",""
"621","[99:108,131:141,144:152]","Stmt_Block","openForRead","org.hipi.imagebundle.HipiImageBundle","608","Y",""
"622","[78:89]","Stmt_Block","openForRead","org.hipi.imagebundle.HipiImageBundle","608","Y",""
"623","[71,72]","Stmt_Block","openForRead","org.hipi.imagebundle.HipiImageBundle","608","Y",""
"624","[64,65,73:75]","Stmt_Block","openForRead","org.hipi.imagebundle.HipiImageBundle","608","Y",""
"625","[57,58,66:68]","Stmt_Block","openForRead","org.hipi.imagebundle.HipiImageBundle","608","Y",""
"626","[3:11,14:24,30:40,44:54,59:61]","Stmt_Block","openForRead","org.hipi.imagebundle.HipiImageBundle","608","Y",""
"627","[0:2]","Method","openForRead","org.hipi.imagebundle.HipiImageBundle","567","Y",""
"628","[0:31]","Method","readBundleHeader","org.hipi.imagebundle.HipiImageBundle","567","Y",""
"629","[0:2]","Stmt_Block","readBundleHeader","org.hipi.imagebundle.HipiImageBundle","628","Y",""
"630","[8:10]","Stmt_Block","readBundleHeader","org.hipi.imagebundle.HipiImageBundle","628","Y",""
"631","[14:20]","Stmt_Block","readBundleHeader","org.hipi.imagebundle.HipiImageBundle","628","Y",""
"632","[21:25,31]","Stmt_Block","readBundleHeader","org.hipi.imagebundle.HipiImageBundle","628","Y",""
"633","[27:30]","Stmt_Block","readBundleHeader","org.hipi.imagebundle.HipiImageBundle","628","Y",""
"634","[26]","Stmt_Block","readBundleHeader","org.hipi.imagebundle.HipiImageBundle","628","Y",""
"635","[3,4,11:13]","Stmt_Block","readBundleHeader","org.hipi.imagebundle.HipiImageBundle","628","Y",""
"636","[5:7]","Stmt_Block","readBundleHeader","org.hipi.imagebundle.HipiImageBundle","628","Y",""
"637","[0:2]","Method","readAllOffsets","org.hipi.imagebundle.HipiImageBundle","567","Y",""
"638","[0:5]","Method","getDataFileStatus","org.hipi.imagebundle.HipiImageBundle","567","Y",""
"639","[0:18]","Method","readOffsets","org.hipi.imagebundle.HipiImageBundle","567","Y",""
"640","[0:6]","Stmt_Block","readOffsets","org.hipi.imagebundle.HipiImageBundle","639","Y",""
"641","[8:12,16,17]","Stmt_Block","readOffsets","org.hipi.imagebundle.HipiImageBundle","639","Y",""
"642","[7]","Stmt_Block","readOffsets","org.hipi.imagebundle.HipiImageBundle","639","Y",""
"643","[18]","Stmt_Block","readOffsets","org.hipi.imagebundle.HipiImageBundle","639","Y",""
"644","[0:28]","Method","next","org.hipi.imagebundle.HipiImageBundle","567","Y",""
"645","[0:2]","Stmt_Block","next","org.hipi.imagebundle.HipiImageBundle","644","Y",""
"646","[6,7]","Stmt_Block","next","org.hipi.imagebundle.HipiImageBundle","644","Y",""
"647","[19,20]","Stmt_Block","next","org.hipi.imagebundle.HipiImageBundle","644","Y",""
"648","[21,22,26:28]","Stmt_Block","next","org.hipi.imagebundle.HipiImageBundle","644","Y",""
"649","[3:5,8:18,23:25]","Stmt_Block","next","org.hipi.imagebundle.HipiImageBundle","644","Y",""
"650","[0:23]","Method","currentHeader","org.hipi.imagebundle.HipiImageBundle","567","Y",""
"651","[0:2]","Stmt_Block","currentHeader","org.hipi.imagebundle.HipiImageBundle","650","Y",""
"652","[14,15]","Stmt_Block","currentHeader","org.hipi.imagebundle.HipiImageBundle","650","Y",""
"653","[16,17,21:23]","Stmt_Block","currentHeader","org.hipi.imagebundle.HipiImageBundle","650","Y",""
"654","[3:13,18:20]","Stmt_Block","currentHeader","org.hipi.imagebundle.HipiImageBundle","650","Y",""
"655","[0:23]","Method","currentImage","org.hipi.imagebundle.HipiImageBundle","567","Y",""
"656","[0:2]","Stmt_Block","currentImage","org.hipi.imagebundle.HipiImageBundle","655","Y",""
"657","[14,15]","Stmt_Block","currentImage","org.hipi.imagebundle.HipiImageBundle","655","Y",""
"658","[16,17,21:23]","Stmt_Block","currentImage","org.hipi.imagebundle.HipiImageBundle","655","Y",""
"659","[3:13,18:20]","Stmt_Block","currentImage","org.hipi.imagebundle.HipiImageBundle","655","Y",""
"660","[0:22]","Method","close","org.hipi.imagebundle.HipiImageBundle","567","Y",""
"661","[0:2]","Stmt_Block","close","org.hipi.imagebundle.HipiImageBundle","660","Y",""
"662","[6,7]","Stmt_Block","close","org.hipi.imagebundle.HipiImageBundle","660","Y",""
"663","[11,12]","Stmt_Block","close","org.hipi.imagebundle.HipiImageBundle","660","Y",""
"664","[16,17]","Stmt_Block","close","org.hipi.imagebundle.HipiImageBundle","660","Y",""
"665","[18:22]","Stmt_Block","close","org.hipi.imagebundle.HipiImageBundle","660","Y",""
"666","[13:15]","Stmt_Block","close","org.hipi.imagebundle.HipiImageBundle","660","Y",""
"667","[8:10]","Stmt_Block","close","org.hipi.imagebundle.HipiImageBundle","660","Y",""
"668","[3:5]","Stmt_Block","close","org.hipi.imagebundle.HipiImageBundle","660","Y",""
"669","[0:44]","Method","append","org.hipi.imagebundle.HipiImageBundle","567","Y",""
"670","[0:16]","Stmt_Block","append","org.hipi.imagebundle.HipiImageBundle","669","Y",""
"671","[20:24]","Stmt_Block","append","org.hipi.imagebundle.HipiImageBundle","669","Y",""
"672","[25:40,44]","Stmt_Block","append","org.hipi.imagebundle.HipiImageBundle","669","Y",""
"673","[17:19]","Stmt_Block","append","org.hipi.imagebundle.HipiImageBundle","669","Y",""
"674","[0:7]","Method","<clinit>","org.hipi.imagebundle.HipiImageBundle","567","Y",""
"675","[0:2]","Stmt_Block","<clinit>","org.hipi.imagebundle.HipiImageBundle","674","Y",""
"676","[3:7]","Stmt_Block","<clinit>","org.hipi.imagebundle.HipiImageBundle","674","Y",""
"677","-","Class","-","org.hipi.imagebundle.mapreduce.HibInputFormat","-","Y",""
"678","[0:2]","Method","<init>","org.hipi.imagebundle.mapreduce.HibInputFormat","677","Y",""
"679","[0:5]","Method","createRecordReader","org.hipi.imagebundle.mapreduce.HibInputFormat","677","Y",""
"680","[0:36]","Method","staticGetBlockIndex","org.hipi.imagebundle.mapreduce.HibInputFormat","677","Y",""
"681","[0:4]","Stmt_Block","staticGetBlockIndex","org.hipi.imagebundle.mapreduce.HibInputFormat","680","Y",""
"682","[5:8,19:36]","Stmt_Block","staticGetBlockIndex","org.hipi.imagebundle.mapreduce.HibInputFormat","680","Y",""
"683","[17,18]","Stmt_Block","staticGetBlockIndex","org.hipi.imagebundle.mapreduce.HibInputFormat","680","Y",""
"684","[9:15]","Stmt_Block","staticGetBlockIndex","org.hipi.imagebundle.mapreduce.HibInputFormat","680","Y",""
"685","[16]","Stmt_Block","staticGetBlockIndex","org.hipi.imagebundle.mapreduce.HibInputFormat","680","Y",""
"686","[0:162]","Method","computeSplits","org.hipi.imagebundle.mapreduce.HibInputFormat","677","Y",""
"687","[0:9]","Stmt_Block","computeSplits","org.hipi.imagebundle.mapreduce.HibInputFormat","686","Y",""
"688","[10:26,162]","Stmt_Block","computeSplits","org.hipi.imagebundle.mapreduce.HibInputFormat","686","Y",""
"689","[95:99]","Stmt_Block","computeSplits","org.hipi.imagebundle.mapreduce.HibInputFormat","686","Y",""
"690","[160,161]","Stmt_Block","computeSplits","org.hipi.imagebundle.mapreduce.HibInputFormat","686","Y",""
"691","[100:102]","Stmt_Block","computeSplits","org.hipi.imagebundle.mapreduce.HibInputFormat","686","Y",""
"692","[104:119]","Stmt_Block","computeSplits","org.hipi.imagebundle.mapreduce.HibInputFormat","686","Y",""
"693","[131:159]","Stmt_Block","computeSplits","org.hipi.imagebundle.mapreduce.HibInputFormat","686","Y",""
"694","[120:124]","Stmt_Block","computeSplits","org.hipi.imagebundle.mapreduce.HibInputFormat","686","Y",""
"695","[129,130]","Stmt_Block","computeSplits","org.hipi.imagebundle.mapreduce.HibInputFormat","686","Y",""
"696","[125:128]","Stmt_Block","computeSplits","org.hipi.imagebundle.mapreduce.HibInputFormat","686","Y",""
"697","[103]","Stmt_Block","computeSplits","org.hipi.imagebundle.mapreduce.HibInputFormat","686","Y",""
"698","[27:32]","Stmt_Block","computeSplits","org.hipi.imagebundle.mapreduce.HibInputFormat","686","Y",""
"699","[86:94]","Stmt_Block","computeSplits","org.hipi.imagebundle.mapreduce.HibInputFormat","686","Y",""
"700","[33,34]","Stmt_Block","computeSplits","org.hipi.imagebundle.mapreduce.HibInputFormat","686","Y",""
"701","[35:41]","Stmt_Block","computeSplits","org.hipi.imagebundle.mapreduce.HibInputFormat","686","Y",""
"702","[49,50]","Stmt_Block","computeSplits","org.hipi.imagebundle.mapreduce.HibInputFormat","686","Y",""
"703","[75:85]","Stmt_Block","computeSplits","org.hipi.imagebundle.mapreduce.HibInputFormat","686","Y",""
"704","[51:57]","Stmt_Block","computeSplits","org.hipi.imagebundle.mapreduce.HibInputFormat","686","Y",""
"705","[69:74]","Stmt_Block","computeSplits","org.hipi.imagebundle.mapreduce.HibInputFormat","686","Y",""
"706","[58:62]","Stmt_Block","computeSplits","org.hipi.imagebundle.mapreduce.HibInputFormat","686","Y",""
"707","[67,68]","Stmt_Block","computeSplits","org.hipi.imagebundle.mapreduce.HibInputFormat","686","Y",""
"708","[63:66]","Stmt_Block","computeSplits","org.hipi.imagebundle.mapreduce.HibInputFormat","686","Y",""
"709","[42,43]","Stmt_Block","computeSplits","org.hipi.imagebundle.mapreduce.HibInputFormat","686","Y",""
"710","[44:48]","Stmt_Block","computeSplits","org.hipi.imagebundle.mapreduce.HibInputFormat","686","Y",""
"711","[0:4]","Method","getSplits","org.hipi.imagebundle.mapreduce.HibInputFormat","677","Y",""
"712","-","Class","-","org.hipi.imagebundle.mapreduce.HibRecordReader","-","Y",""
"713","[0:2]","Method","<init>","org.hipi.imagebundle.mapreduce.HibRecordReader","712","Y",""
"714","[0:46]","Method","initialize","org.hipi.imagebundle.mapreduce.HibRecordReader","712","Y",""
"715","[0:3]","Method","close","org.hipi.imagebundle.mapreduce.HibRecordReader","712","Y",""
"716","[0:3]","Method","getCurrentKey","org.hipi.imagebundle.mapreduce.HibRecordReader","712","Y",""
"717","[0:3]","Method","getCurrentValue","org.hipi.imagebundle.mapreduce.HibRecordReader","712","Y",""
"718","[0:3]","Method","getProgress","org.hipi.imagebundle.mapreduce.HibRecordReader","712","Y",""
"719","[0:3]","Method","nextKeyValue","org.hipi.imagebundle.mapreduce.HibRecordReader","712","Y",""
"720","-","Class","-","org.hipi.mapreduce.BinaryOutputFormat$BinaryRecordWriter","-","Y",""
"721","[0:4]","Method","<init>","org.hipi.mapreduce.BinaryOutputFormat$BinaryRecordWriter","720","Y",""
"722","[0:4]","Method","close","org.hipi.mapreduce.BinaryOutputFormat$BinaryRecordWriter","720","Y",""
"723","[0:4]","Method","writeObject","org.hipi.mapreduce.BinaryOutputFormat$BinaryRecordWriter","720","Y",""
"724","[0:30]","Method","write","org.hipi.mapreduce.BinaryOutputFormat$BinaryRecordWriter","720","Y",""
"725","[0:3]","Stmt_Block","write","org.hipi.mapreduce.BinaryOutputFormat$BinaryRecordWriter","724","Y",""
"726","[6,7,9,10]","Stmt_Block","write","org.hipi.mapreduce.BinaryOutputFormat$BinaryRecordWriter","724","Y",""
"727","[13,14,16:19]","Stmt_Block","write","org.hipi.mapreduce.BinaryOutputFormat$BinaryRecordWriter","724","Y",""
"728","[22]","Stmt_Block","write","org.hipi.mapreduce.BinaryOutputFormat$BinaryRecordWriter","724","Y",""
"729","[26]","Stmt_Block","write","org.hipi.mapreduce.BinaryOutputFormat$BinaryRecordWriter","724","Y",""
"730","[27,30]","Stmt_Block","write","org.hipi.mapreduce.BinaryOutputFormat$BinaryRecordWriter","724","Y",""
"731","[28,29]","Stmt_Block","write","org.hipi.mapreduce.BinaryOutputFormat$BinaryRecordWriter","724","Y",""
"732","[23]","Stmt_Block","write","org.hipi.mapreduce.BinaryOutputFormat$BinaryRecordWriter","724","Y",""
"733","[24,25]","Stmt_Block","write","org.hipi.mapreduce.BinaryOutputFormat$BinaryRecordWriter","724","Y",""
"734","[20]","Stmt_Block","write","org.hipi.mapreduce.BinaryOutputFormat$BinaryRecordWriter","724","Y",""
"735","[21]","Stmt_Block","write","org.hipi.mapreduce.BinaryOutputFormat$BinaryRecordWriter","724","Y",""
"736","[11,12]","Stmt_Block","write","org.hipi.mapreduce.BinaryOutputFormat$BinaryRecordWriter","724","Y",""
"737","[15]","Stmt_Block","write","org.hipi.mapreduce.BinaryOutputFormat$BinaryRecordWriter","724","Y",""
"738","[4,5]","Stmt_Block","write","org.hipi.mapreduce.BinaryOutputFormat$BinaryRecordWriter","724","Y",""
"739","[8]","Stmt_Block","write","org.hipi.mapreduce.BinaryOutputFormat$BinaryRecordWriter","724","Y",""
"740","-","Class","-","org.hipi.mapreduce.BinaryOutputFormat","-","Y",""
"741","[0:2]","Method","<init>","org.hipi.mapreduce.BinaryOutputFormat","740","Y",""
"742","[0:24]","Method","getRecordWriter","org.hipi.mapreduce.BinaryOutputFormat","740","Y",""
"743","[0:5]","Stmt_Block","getRecordWriter","org.hipi.mapreduce.BinaryOutputFormat","742","Y",""
"744","[11:15]","Stmt_Block","getRecordWriter","org.hipi.mapreduce.BinaryOutputFormat","742","Y",""
"745","[16:24]","Stmt_Block","getRecordWriter","org.hipi.mapreduce.BinaryOutputFormat","742","Y",""
"746","[6:10]","Stmt_Block","getRecordWriter","org.hipi.mapreduce.BinaryOutputFormat","742","Y",""
"747","-","Class","-","org.hipi.mapreduce.Culler","-","Y",""
"748","[0:2]","Method","<init>","org.hipi.mapreduce.Culler","747","Y",""
"749","[0,1]","Method","includeExifDataInHeader","org.hipi.mapreduce.Culler","747","Y",""
"750","[0:2]","Method","cull","org.hipi.mapreduce.Culler","747","Y",""
"751","-","Class","-","org.hipi.opencv.OpenCVMatWritable","-","Y",""
"752","[0:23]","Method","<init>","org.hipi.opencv.OpenCVMatWritable","751","Y",""
"753","[0:7]","Stmt_Block","<init>","org.hipi.opencv.OpenCVMatWritable","752","Y",""
"754","[13:16]","Stmt_Block","<init>","org.hipi.opencv.OpenCVMatWritable","752","Y",""
"755","[17:19,23]","Stmt_Block","<init>","org.hipi.opencv.OpenCVMatWritable","752","Y",""
"756","[8,9,20:22]","Stmt_Block","<init>","org.hipi.opencv.OpenCVMatWritable","752","Y",""
"757","[10:12]","Stmt_Block","<init>","org.hipi.opencv.OpenCVMatWritable","752","Y",""
"758","[0:5]","Method","<init>","org.hipi.opencv.OpenCVMatWritable","751","Y",""
"759","[0:25]","Method","setMat","org.hipi.opencv.OpenCVMatWritable","751","Y",""
"760","[0:2]","Stmt_Block","setMat","org.hipi.opencv.OpenCVMatWritable","759","Y",""
"761","[6,7]","Stmt_Block","setMat","org.hipi.opencv.OpenCVMatWritable","759","Y",""
"762","[8,17:25]","Stmt_Block","setMat","org.hipi.opencv.OpenCVMatWritable","759","Y",""
"763","[3:5,9:16]","Stmt_Block","setMat","org.hipi.opencv.OpenCVMatWritable","759","Y",""
"764","[0:12]","Method","getMat","org.hipi.opencv.OpenCVMatWritable","751","Y",""
"765","[0:85]","Method","write","org.hipi.opencv.OpenCVMatWritable","751","Y",""
"766","[0:3]","Stmt_Block","write","org.hipi.opencv.OpenCVMatWritable","765","Y",""
"767","[9:12]","Stmt_Block","write","org.hipi.opencv.OpenCVMatWritable","765","Y",""
"768","[18:34]","Stmt_Block","write","org.hipi.opencv.OpenCVMatWritable","765","Y",""
"769","[35,36,85]","Stmt_Block","write","org.hipi.opencv.OpenCVMatWritable","765","Y",""
"770","[68:84]","Stmt_Block","write","org.hipi.opencv.OpenCVMatWritable","765","Y",""
"771","[60:67]","Stmt_Block","write","org.hipi.opencv.OpenCVMatWritable","765","Y",""
"772","[52:59]","Stmt_Block","write","org.hipi.opencv.OpenCVMatWritable","765","Y",""
"773","[44:51]","Stmt_Block","write","org.hipi.opencv.OpenCVMatWritable","765","Y",""
"774","[37:43]","Stmt_Block","write","org.hipi.opencv.OpenCVMatWritable","765","Y",""
"775","[13]","Stmt_Block","write","org.hipi.opencv.OpenCVMatWritable","765","Y",""
"776","[14]","Stmt_Block","write","org.hipi.opencv.OpenCVMatWritable","765","Y",""
"777","[4,5,15:17]","Stmt_Block","write","org.hipi.opencv.OpenCVMatWritable","765","Y",""
"778","[6:8]","Stmt_Block","write","org.hipi.opencv.OpenCVMatWritable","765","Y",""
"779","[0:69]","Method","readFields","org.hipi.opencv.OpenCVMatWritable","751","Y",""
"780","[0:16]","Stmt_Block","readFields","org.hipi.opencv.OpenCVMatWritable","779","Y",""
"781","[42:69]","Stmt_Block","readFields","org.hipi.opencv.OpenCVMatWritable","779","Y",""
"782","[33:41]","Stmt_Block","readFields","org.hipi.opencv.OpenCVMatWritable","779","Y",""
"783","[24:32]","Stmt_Block","readFields","org.hipi.opencv.OpenCVMatWritable","779","Y",""
"784","[17:23]","Stmt_Block","readFields","org.hipi.opencv.OpenCVMatWritable","779","Y",""
"785","[0:7]","Method","<clinit>","org.hipi.opencv.OpenCVMatWritable","751","Y",""
"786","[0:2]","Stmt_Block","<clinit>","org.hipi.opencv.OpenCVMatWritable","785","Y",""
"787","[3:7]","Stmt_Block","<clinit>","org.hipi.opencv.OpenCVMatWritable","785","Y",""
"788","-","Class","-","org.hipi.opencv.OpenCVUtils","-","Y",""
"789","[0:2]","Method","<init>","org.hipi.opencv.OpenCVUtils","788","Y",""
"790","[0:31]","Method","generateOpenCVType","org.hipi.opencv.OpenCVUtils","788","Y",""
"791","[0:3]","Stmt_Block","generateOpenCVType","org.hipi.opencv.OpenCVUtils","790","Y",""
"792","[16,17]","Stmt_Block","generateOpenCVType","org.hipi.opencv.OpenCVUtils","790","Y",""
"793","[18:21]","Stmt_Block","generateOpenCVType","org.hipi.opencv.OpenCVUtils","790","Y",""
"794","[22]","Stmt_Block","generateOpenCVType","org.hipi.opencv.OpenCVUtils","790","Y",""
"795","[27]","Stmt_Block","generateOpenCVType","org.hipi.opencv.OpenCVUtils","790","Y",""
"796","[23:26]","Stmt_Block","generateOpenCVType","org.hipi.opencv.OpenCVUtils","790","Y",""
"797","[28:31]","Stmt_Block","generateOpenCVType","org.hipi.opencv.OpenCVUtils","790","Y",""
"798","[14,15]","Stmt_Block","generateOpenCVType","org.hipi.opencv.OpenCVUtils","790","Y",""
"799","[12,13]","Stmt_Block","generateOpenCVType","org.hipi.opencv.OpenCVUtils","790","Y",""
"800","[10,11]","Stmt_Block","generateOpenCVType","org.hipi.opencv.OpenCVUtils","790","Y",""
"801","[8,9]","Stmt_Block","generateOpenCVType","org.hipi.opencv.OpenCVUtils","790","Y",""
"802","[6,7]","Stmt_Block","generateOpenCVType","org.hipi.opencv.OpenCVUtils","790","Y",""
"803","[4,5]","Stmt_Block","generateOpenCVType","org.hipi.opencv.OpenCVUtils","790","Y",""
"804","[0:95]","Method","convertRasterImageToMat","org.hipi.opencv.OpenCVUtils","788","Y",""
"805","[0,1]","Stmt_Block","convertRasterImageToMat","org.hipi.opencv.OpenCVUtils","804","Y",""
"806","[5,6]","Stmt_Block","convertRasterImageToMat","org.hipi.opencv.OpenCVUtils","804","Y",""
"807","[7:21]","Stmt_Block","convertRasterImageToMat","org.hipi.opencv.OpenCVUtils","804","Y",""
"808","[22,23]","Stmt_Block","convertRasterImageToMat","org.hipi.opencv.OpenCVUtils","804","Y",""
"809","[24:35]","Stmt_Block","convertRasterImageToMat","org.hipi.opencv.OpenCVUtils","804","Y",""
"810","[36:40]","Stmt_Block","convertRasterImageToMat","org.hipi.opencv.OpenCVUtils","804","Y",""
"811","[52:61]","Stmt_Block","convertRasterImageToMat","org.hipi.opencv.OpenCVUtils","804","Y",""
"812","[76:95]","Stmt_Block","convertRasterImageToMat","org.hipi.opencv.OpenCVUtils","804","Y",""
"813","[71:75]","Stmt_Block","convertRasterImageToMat","org.hipi.opencv.OpenCVUtils","804","Y",""
"814","[66:70]","Stmt_Block","convertRasterImageToMat","org.hipi.opencv.OpenCVUtils","804","Y",""
"815","[62:65]","Stmt_Block","convertRasterImageToMat","org.hipi.opencv.OpenCVUtils","804","Y",""
"816","[41:51]","Stmt_Block","convertRasterImageToMat","org.hipi.opencv.OpenCVUtils","804","Y",""
"817","[2:4]","Stmt_Block","convertRasterImageToMat","org.hipi.opencv.OpenCVUtils","804","Y",""
"818","[0:62]","Method","<clinit>","org.hipi.opencv.OpenCVUtils","788","Y",""
"819","-","Class","-","org.hipi.util.ByteUtils","-","Y",""
"820","[0:2]","Method","<init>","org.hipi.util.ByteUtils","819","Y",""
"821","[0:41]","Method","inputStreamToByteArray","org.hipi.util.ByteUtils","819","Y",""
"822","[0,1]","Stmt_Block","inputStreamToByteArray","org.hipi.util.ByteUtils","821","Y",""
"823","[4:12]","Stmt_Block","inputStreamToByteArray","org.hipi.util.ByteUtils","821","Y",""
"824","[13:16,39:41]","Stmt_Block","inputStreamToByteArray","org.hipi.util.ByteUtils","821","Y",""
"825","[2,3]","Stmt_Block","inputStreamToByteArray","org.hipi.util.ByteUtils","821","Y",""
"826","[0:2]","Method","byteArrayToInt","org.hipi.util.ByteUtils","819","Y",""
"827","[0:19]","Method","byteArrayToInt","org.hipi.util.ByteUtils","819","Y",""
"828","[0:13]","Method","intToByteArray","org.hipi.util.ByteUtils","819","Y",""
"829","[0:24]","Method","asHex","org.hipi.util.ByteUtils","819","Y",""
"830","[0,1]","Stmt_Block","asHex","org.hipi.util.ByteUtils","829","Y",""
"831","[3:12]","Stmt_Block","asHex","org.hipi.util.ByteUtils","829","Y",""
"832","[13:20]","Stmt_Block","asHex","org.hipi.util.ByteUtils","829","Y",""
"833","[2]","Stmt_Block","asHex","org.hipi.util.ByteUtils","829","Y",""
"834","[0:31]","Method","makeString","org.hipi.util.ByteUtils","819","Y",""
"835","[0:2]","Stmt_Block","makeString","org.hipi.util.ByteUtils","834","Y",""
"836","[3:6]","Stmt_Block","makeString","org.hipi.util.ByteUtils","834","Y",""
"837","[7:11]","Stmt_Block","makeString","org.hipi.util.ByteUtils","834","Y",""
"838","[31]","Stmt_Block","makeString","org.hipi.util.ByteUtils","834","Y",""
"839","[12:23]","Stmt_Block","makeString","org.hipi.util.ByteUtils","834","Y",""
"840","[29,30]","Stmt_Block","makeString","org.hipi.util.ByteUtils","834","Y",""
"841","[24:28]","Stmt_Block","makeString","org.hipi.util.ByteUtils","834","Y",""
"842","[0:13]","Method","byteArrayToShortArray","org.hipi.util.ByteUtils","819","Y",""
"843","[0:3]","Stmt_Block","byteArrayToShortArray","org.hipi.util.ByteUtils","842","Y",""
"844","[4:13]","Stmt_Block","byteArrayToShortArray","org.hipi.util.ByteUtils","842","Y",""
"845","[0:7]","Method","shortArrayToByteArray","org.hipi.util.ByteUtils","819","Y",""
"846","[0:13]","Method","byteArrayToIntArray","org.hipi.util.ByteUtils","819","Y",""
"847","[0:3]","Stmt_Block","byteArrayToIntArray","org.hipi.util.ByteUtils","846","Y",""
"848","[4:13]","Stmt_Block","byteArrayToIntArray","org.hipi.util.ByteUtils","846","Y",""
"849","[0:7]","Method","intArrayToByteArray","org.hipi.util.ByteUtils","819","Y",""
"850","[0:13]","Method","byteArrayToFloatArray","org.hipi.util.ByteUtils","819","Y",""
"851","[0:3]","Stmt_Block","byteArrayToFloatArray","org.hipi.util.ByteUtils","850","Y",""
"852","[4:13]","Stmt_Block","byteArrayToFloatArray","org.hipi.util.ByteUtils","850","Y",""
"853","[0:7]","Method","floatArrayToByteArray","org.hipi.util.ByteUtils","819","Y",""
"854","[0:13]","Method","byteArrayToDoubleArray","org.hipi.util.ByteUtils","819","Y",""
"855","[0:3]","Stmt_Block","byteArrayToDoubleArray","org.hipi.util.ByteUtils","854","Y",""
"856","[4:13]","Stmt_Block","byteArrayToDoubleArray","org.hipi.util.ByteUtils","854","Y",""
"857","[0:7]","Method","doubleArrayToByteArray","org.hipi.util.ByteUtils","819","Y",""
